{
  "Battery Park": 82.12015437109334,
  "Chelsea": 70.47835664335665,
  "Chinatown": 68.98496164383562,
  "Civic Center": 82.49234356317258,
  "East Harlem": 60.020450026961754,
  "East Village": 70.09197775800712,
  "Financial District": 74.89044182760244,
  "Flatiron": 79.66286182375029,
  "Gramercy": 74.05175986855483,
  "Greenwich Village": 72.53099019070913,
  "Harlem": 65.41527474892399,
  "Hell's Kitchen": 70.4782981429291,
  "Inwood": 65.38575045131643,
  "Kips Bay": 74.31278198485452,
  "Little Italy": 81.03800395099381,
  "Lower East Side": 63.97318076923077,
  "Marble Hill": 76.00425800934816,
  "Midtown": 71.19949278846158,
  "Morningside Heights": 72.91292992286591,
  "Murray Hill": 73.95466469282013,
  "NoHo": 76.68047224278313,
  "Nolita": 80.42157114388203,
  "Roosevelt Island": 72.84865667596652,
  "SoHo": 72.215525974026,
  "Stuyvesant Town": 79.86200430450378,
  "Theater District": 70.49944200876844,
  "TriBeCa": 67.90215263147905,
  "Two Bridges": 78.31949111199681,
  "Upper East Side": 72.22361864406778,
  "Upper West Side": 72.79361842105264,
  "Washington Heights": 63.17942105263156,
  "West Village": 73.2713078358209
}
