{"Battery Park": {"score": 32.579391498111995}, "Chelsea": {"score": 46.747557797408774}, "Chinatown": {"score": 70.04393239976855}, "Civic Center": {"score": 82.71743898217578}, "East Harlem": {"score": 19.869635160962805}, "East Village": {"score": 26.04185755224534}, "Financial District": {"score": 66.31290782303788}, "Flatiron": {"score": 82.8020149321597}, "Gramercy": {"score": 54.62183660053549}, "Greenwich Village": {"score": 65.50026539322204}, "Harlem": {"score": 26.551149244589773}, "Hell's Kitchen": {"score": 45.50673080746104}, "Inwood": {"score": 8.444712547788189}, "Kips Bay": {"score": 49.26822591989378}, "Little Italy": {"score": 81.01226223304035}, "Lower East Side": {"score": 16.742389352664713}, "Marble Hill": {"score": 5.953525598617201}, "Midtown": {"score": 100.0}, "Morningside Heights": {"score": 15.73115043534684}, "Murray Hill": {"score": 48.10227311266235}, "NoHo": {"score": 78.78029691979945}, "Nolita": {"score": 80.39744384330888}, "Roosevelt Island": {"score": 8.312447607909924}, "SoHo": {"score": 80.82763519625024}, "Stuyvesant Town": {"score": 17.30269102766783}, "Theater District": {"score": 94.06879126637057}, "TriBeCa": {"score": 78.72076151085193}, "Two Bridges": {"score": 49.35991241885719}, "Upper East Side": {"score": 19.316740293124983}, "Upper West Side": {"score": 24.461232078815907}, "Washington Heights": {"score": 14.385361207498171}, "West Village": {"score": 53.29190973852547}}