{"Battery Park": {"score": 0.0, "gas_station_distances": []}, "Chelsea": {"score": 2.7246905615528805, "gas_station_distances": [0.5307232660635298, 0.6429643273515657, 0.6794979958871575, 1.4221238491448664]}, "Chinatown": {"score": 0.0, "gas_station_distances": []}, "Civic Center": {"score": 0.0, "gas_station_distances": []}, "East Harlem": {"score": 8.912212325854984, "gas_station_distances": [0.23852595438009205, 0.23979154587270132, 0.31821118730589176, 0.4317399398340531, 0.5755460986355967, 0.575944976704974, 0.6467468922091746, 0.818425093639422, 0.9348841926496269, 1.3079717929134838]}, "East Village": {"score": 0.8591080103050612, "gas_station_distances": [0.7033715864297103, 1.4375204032652285]}, "Financial District": {"score": 0.0, "gas_station_distances": []}, "Flatiron": {"score": 1.7458709319251755, "gas_station_distances": [0.6912026252069408, 0.8961587227977875, 1.1667677200700963]}, "Gramercy": {"score": 1.460410744952247, "gas_station_distances": [0.5332339948038648, 1.006355260243888]}, "Greenwich Village": {"score": 1.1420025123502322, "gas_station_distances": [0.37604117220326805, 1.4819563154464999]}, "Harlem": {"score": 6.465892408234936, "gas_station_distances": [0.4086340669678573, 0.5410885798017049, 0.6711978835651718, 0.774737047233829, 0.7887865252861169, 0.8850991682638817, 0.8865951825994008, 1.1302925801886174, 1.149833180207525, 1.3294043350723328, 1.4684390425786267]}, "Hell's Kitchen": {"score": 2.164642138726952, "gas_station_distances": [0.21061796361259846, 0.6247398976604498]}, "Inwood": {"score": 6.412218743049876, "gas_station_distances": [0.09509340781236093, 0.1947944529846718, 0.32545009666651503, 0.3844676061204717, 0.3924161908673752, 1.195559502498729]}, "Kips Bay": {"score": 1.3520639317391734, "gas_station_distances": [0.5744883715736174, 1.2470279934166597, 1.3264197032705496]}, "Little Italy": {"score": 0.0915464631321452, "gas_station_distances": [1.4084535368678548]}, "Lower East Side": {"score": 0.018595653743610052, "gas_station_distances": [1.48140434625639]}, "Marble Hill": {"score": 3.1282994288663923, "gas_station_distances": [0.4575578966579343, 0.7896492819209551, 0.909054405823521, 1.042210316052656, 1.1732286706785409]}, "Midtown": {"score": 2.434358161834118, "gas_station_distances": [0.4374961615313333, 0.7295061065599983, 0.9445159133656639, 1.4541236567088867]}, "Morningside Heights": {"score": 2.718326793177389, "gas_station_distances": [0.41047522869979597, 0.5661733594653501, 1.1949788535811452, 1.2964058206875604, 1.3784862685232515, 1.435153675865508]}, "Murray Hill": {"score": 0.8277315298432325, "gas_station_distances": [0.8811236424809078, 1.2911448276758597]}, "NoHo": {"score": 1.039893223324976, "gas_station_distances": [0.9143601272457956, 1.0457466494292282]}, "Nolita": {"score": 0.4546668044025093, "gas_station_distances": [1.1904236812300217, 1.354909514367469]}, "Roosevelt Island": {"score": 0.0, "gas_station_distances": []}, "SoHo": {"score": 0.41591576472826475, "gas_station_distances": [1.0840842352717353]}, "Stuyvesant Town": {"score": 1.2704977695607984, "gas_station_distances": [0.29639490148744513, 1.4331073289517564]}, "Theater District": {"score": 2.4457890141358694, "gas_station_distances": [0.611414584871592, 0.7098727855080732, 0.7329236154844655]}, "TriBeCa": {"score": 0.0, "gas_station_distances": []}, "Two Bridges": {"score": 0.0, "gas_station_distances": []}, "Upper East Side": {"score": 1.0429220243501094, "gas_station_distances": [0.8860562913080291, 1.1777026343838826, 1.3933190499579788]}, "Upper West Side": {"score": 0.9478380775990062, "gas_station_distances": [0.6057808161447246, 1.4463811062562693]}, "Washington Heights": {"score": 5.352356492804811, "gas_station_distances": [0.21399354710268953, 0.2420542592244736, 0.6924109353783909, 0.7935874381755316, 0.8581340992912173, 0.9867143789150227, 1.3607488491078634]}, "West Village": {"score": 1.1949760013392512, "gas_station_distances": [0.3050239986607488]}}