{"Battery Park": {"northeast": [40.7046264802915, -74.0156789197085], "southwest": [40.7019285197085, -74.01837688029151], "area": 7.278991307437172e-06, "center": [40.7032775, -74.0170279]}, "Chelsea": {"northeast": [40.7570384, -73.9877916], "southwest": [40.7373582, -74.0088629], "area": 0.00041468739825997395, "center": [40.7465004, -74.00137370000002]}, "Chinatown": {"northeast": [40.71936549999999, -73.9897026], "southwest": [40.7127979, -74.0040592], "area": 9.42884061598471e-05, "center": [40.7157509, -73.9970307]}, "Civic Center": {"northeast": [40.71776149999999, -73.9982199], "southwest": [40.7097756, -74.00873419999999], "area": 8.396614836984036e-05, "center": [40.7140519, -74.00283639999999]}, "East Harlem": {"northeast": [40.8180871, -73.9286431], "southwest": [40.7827839, -73.9558541], "area": 0.0009606353751998274, "center": [40.7957399, -73.93892129999999]}, "East Village": {"northeast": [40.7344458, -73.9716661], "southwest": [40.7187211, -73.99264099999999], "area": 0.00032982401002997717, "center": [40.7264773, -73.98153370000001]}, "Financial District": {"northeast": [40.7170449, -73.9993878], "southwest": [40.7005852, -74.0164805], "area": 0.00028134071419008016, "center": [40.7077143, -74.00827869999999]}, "Flatiron": {"northeast": [40.7448022, -73.9833605], "southwest": [40.7383561, -73.9941752], "area": 6.971263767003858e-05, "center": [40.740083, -73.9903489]}, "Gramercy": {"northeast": [40.74018510000001, -73.9785298], "southwest": [40.7313276, -73.98879459999999], "area": 9.092046600001125e-05, "center": [40.7367783, -73.9844722]}, "Greenwich Village": {"northeast": [40.742136, -73.9907956], "southwest": [40.7253563, -74.0106976], "area": 0.0003339495894000458, "center": [40.7335719, -74.0027418]}, "Harlem": {"northeast": [40.834443, -73.9338182], "southwest": [40.7968871, -73.9623589], "area": 0.001071871675129785, "center": [40.8115504, -73.9464769]}, "Hell's Kitchen": {"northeast": [40.773677, -73.9824487], "southwest": [40.752223, -74.00473989999999], "area": 0.0004782354047996185, "center": [40.7637581, -73.9918181]}, "Inwood": {"northeast": [40.877591, -73.9104948], "southwest": [40.8557032, -73.932667], "area": 0.0004853006791600391, "center": [40.8677145, -73.9212019]}, "Kips Bay": {"northeast": [40.7463913, -73.9717143], "southwest": [40.734901, -73.98473369999999], "area": 0.00014959681181986832, "center": [40.74232920000001, -73.9800645]}, "Little Italy": {"northeast": [40.721577, -73.9944313], "southwest": [40.7168155, -74.000548], "area": 2.9124667049969586e-05, "center": [40.7191413, -73.9973273]}, "Lower East Side": {"northeast": [40.7241366, -73.9735436], "southwest": [40.7091004, -73.9960382], "area": 0.00033823330452012414, "center": [40.715033, -73.9842724]}, "Marble Hill": {"northeast": [40.8792779, -73.907005], "southwest": [40.871678, -73.915205], "area": 6.231917999997846e-05, "center": [40.8761173, -73.9102628]}, "Midtown": {"northeast": [40.77410690000001, -73.95889869999999], "southwest": [40.72686849999999, -74.0089488], "area": 0.002364286643841286, "center": [40.7549309, -73.9840195]}, "Morningside Heights": {"northeast": [40.818091, -73.9563131], "southwest": [40.80185549999999, -73.9711901], "area": 0.0002415355335001943, "center": [40.8105443, -73.9620581]}, "Murray Hill": {"northeast": [40.7528, -73.9698745], "southwest": [40.7437943, -73.98296359999999], "area": 0.00011787650786992901, "center": [40.7478792, -73.9756567]}, "NoHo": {"northeast": [40.7300598, -73.9907527], "southwest": [40.7241366, -73.9967609], "area": 3.5587770239967825e-05, "center": [40.7286587, -73.9925526]}, "Nolita": {"northeast": [40.7250838, -73.9926194], "southwest": [40.719431, -73.9982402], "area": 3.1773258240015034e-05, "center": [40.7230413, -73.99486069999999]}, "Roosevelt Island": {"northeast": [40.772991, -73.94000720000001], "southwest": [40.749613, -73.96154709999999], "area": 0.0005035597821995351, "center": [40.76050310000001, -73.9509934]}, "SoHo": {"northeast": [40.7283442, -73.9958967], "southwest": [40.7189454, -74.0054619], "area": 8.990140175997054e-05, "center": [40.723301, -74.0029883]}, "Stuyvesant Town": {"northeast": [40.7350027, -73.9734363], "southwest": [40.7284215, -73.9825694], "area": 6.010675771999235e-05, "center": [40.7316903, -73.9778494]}, "Theater District": {"northeast": [40.7641791, -73.9790779], "southwest": [40.75373, -73.9908822], "area": 0.00012334431113011793, "center": [40.759011, -73.9844722]}, "TriBeCa": {"northeast": [40.7259498, -74.0018893], "southwest": [40.7113379, -74.0137633], "area": 0.00017350170059994511, "center": [40.7162692, -74.0086323]}, "Two Bridges": {"northeast": [40.7144925, -73.9841008], "southwest": [40.70808419999999, -74.001267], "area": 0.00011000615946022424, "center": [40.7107469, -73.99696]}, "Upper East Side": {"northeast": [40.7879499, -73.94221689999999], "southwest": [40.7583091, -73.9732511], "area": 0.0009198785153603143, "center": [40.7735649, -73.9565551]}, "Upper West Side": {"northeast": [40.806098, -73.9582099], "southwest": [40.768483, -73.9963789], "area": 0.0014357269349996827, "center": [40.7870106, -73.9753676]}, "Washington Heights": {"northeast": [40.8595902, -73.9224529], "southwest": [40.8281291, -73.9505678], "area": 0.0008845256803902144, "center": [40.8417082, -73.9393554]}, "West Village": {"northeast": [40.7409452, -73.99685199999999], "southwest": [40.7283442, -74.0106976], "area": 0.00017446840560008365, "center": [40.73468, -74.0047554]}}