{"Battery Park": 0.34234878048780487, "Chelsea": 0.38840792540792557, "Chinatown": 0.3552213698630134, "Civic Center": 0.5692999999999999, "East Harlem": 0.1553242647058823, "East Village": 0.39464395017793585, "Financial District": 0.4043363636363634, "Flatiron": 0.5246115789473682, "Gramercy": 0.4961897959183669, "Greenwich Village": 0.3633870503597121, "Harlem": 0.29071721664275535, "Hell's Kitchen": 0.39131675126903515, "Inwood": 0.25845336134453767, "Kips bay": 0.32804375, "Little Italy": 0.48085652173913046, "Lower East Side": 0.24384846153846146, "Marble Hill": 0.19046909090909092, "Midtown": 0.40443317307692384, "Morningside Heights": 0.21411764705882355, "Murray Hill": 0.3550428571428573, "Noho": 0.5362071428571429, "Nolita": 0.30463333333333326, "Roosevelt Island": 0.31999500000000003, "Soho": 0.4344116883116883, "Stuyvesant Town": 0.3399783333333333, "Theater District": 0.5740416666666667, "Tribeca": 0.3092576719576719, "Two Bridges": 0.1817066666666667, "Upper East Side": 0.4345915254237285, "Upper West Side": 0.44725818713450316, "Washington Heights": 0.24103157894736812, "West Village": 0.45787350746268646}